engagement_id,as_of_date,risk_probability,risk_band
ENG-00004,2026-05-01,0.21700308736552812,Low
ENG-00004,2026-06-01,0.10801877183346739,Low
ENG-00004,2026-07-01,0.558858029777189,Watch
ENG-00004,2026-08-01,0.2634956372574434,Low
ENG-00012,2026-02-01,0.02365219398683369,Low
ENG-00012,2026-03-01,0.3066149584234055,Low
ENG-00012,2026-04-01,0.023386953483193192,Low
ENG-00012,2026-05-01,0.20610988196729219,Low
ENG-00012,2026-06-01,0.024009487078494193,Low
ENG-00012,2026-07-01,0.11008723640493971,Low
ENG-00012,2026-08-01,0.011463203381024937,Low
ENG-00013,2026-04-01,0.11130373018757946,Low
ENG-00013,2026-05-01,0.4284795637818789,Watch
ENG-00013,2026-06-01,0.8701580290550779,Critical
ENG-00013,2026-07-01,0.2837068585517561,Low
ENG-00013,2026-08-01,0.5145531928336853,Watch
ENG-00017,2026-08-01,0.2550482336377556,Low
ENG-00023,2026-08-01,0.22117734052346652,Low
ENG-00023,2026-09-01,0.6708889163225382,Critical
ENG-00023,2026-10-01,0.48408062820482417,Watch
ENG-00023,2026-11-01,0.997577343866764,Critical
ENG-00023,2026-12-01,0.9824804047785547,Critical
ENG-00028,2026-07-01,0.0,Low
ENG-00028,2026-08-01,0.018622374813726437,Low
ENG-00046,2026-08-01,0.22625515167306925,Low
ENG-00046,2026-09-01,0.3331800113928729,Low
ENG-00046,2026-10-01,0.989101823981542,Critical
ENG-00046,2026-11-01,0.9960526819185727,Critical
ENG-00068,2026-08-01,0.029577192932988498,Low
ENG-00069,2026-05-01,0.09026815557095488,Low
ENG-00069,2026-06-01,0.33633929013255254,Low
ENG-00069,2026-07-01,0.07642792696119072,Low
ENG-00069,2026-08-01,0.05760606214956465,Low
ENG-00070,2026-04-01,0.025723811527722826,Low
ENG-00070,2026-05-01,0.027393950898960753,Low
ENG-00070,2026-06-01,0.007160501557387284,Low
ENG-00070,2026-07-01,0.0149991798564166,Low
ENG-00070,2026-08-01,0.1314942210126691,Low
ENG-00074,2026-03-01,0.0001674100464439748,Low
ENG-00074,2026-04-01,0.005148391868401217,Low
ENG-00074,2026-05-01,0.002205233501967368,Low
ENG-00074,2026-06-01,0.0027334868791812723,Low
ENG-00074,2026-07-01,0.030917122604885345,Low
ENG-00074,2026-08-01,0.11288925910813892,Low
ENG-00076,2026-02-01,0.05154829431585325,Low
ENG-00076,2026-03-01,0.01863830217859133,Low
ENG-00076,2026-04-01,0.006915448585402766,Low
ENG-00076,2026-05-01,6.736049375866916e-05,Low
ENG-00076,2026-06-01,0.007574266992560072,Low
ENG-00076,2026-07-01,0.18890186712237958,Low
ENG-00076,2026-08-01,0.030021818583786164,Low
ENG-00077,2026-01-01,0.014571745776033132,Low
ENG-00077,2026-02-01,0.007298099675118303,Low
ENG-00077,2026-03-01,0.013884021553740331,Low
ENG-00077,2026-04-01,0.0062123348378931,Low
ENG-00077,2026-05-01,0.012937724698019805,Low
ENG-00077,2026-06-01,0.007535245281092569,Low
ENG-00077,2026-07-01,0.007162161983268588,Low
ENG-00077,2026-08-01,0.03287779715226989,Low
ENG-00078,2026-06-01,0.08742154545085182,Low
ENG-00078,2026-07-01,0.44122168064038486,Watch
ENG-00078,2026-08-01,0.6044272345471583,Watch
ENG-00081,2026-05-01,0.004702992720802004,Low
ENG-00081,2026-06-01,0.02437623260347022,Low
ENG-00081,2026-07-01,4.234427222196703e-05,Low
ENG-00081,2026-08-01,0.045045184393331494,Low
ENG-00083,2026-04-01,0.031669257446028144,Low
ENG-00083,2026-05-01,0.003925178811100976,Low
ENG-00083,2026-06-01,0.003415915517474896,Low
ENG-00083,2026-07-01,0.15606237627525169,Low
ENG-00083,2026-08-01,0.0692620274588348,Low
ENG-00083,2026-09-01,0.3912154164054376,Watch
ENG-00083,2026-10-01,0.9393466653709288,Critical
ENG-00090,2026-03-01,0.0020169818525492935,Low
ENG-00090,2026-04-01,0.019689612092807052,Low
ENG-00090,2026-05-01,0.008589938846413393,Low
ENG-00090,2026-06-01,0.005748983482737454,Low
ENG-00090,2026-07-01,0.04104179241481962,Low
ENG-00090,2026-08-01,0.016782728377747698,Low
ENG-00090,2026-09-01,0.11746735870385895,Low
ENG-00090,2026-10-01,0.31331060081481266,Low
ENG-00090,2026-11-01,0.6245505917992996,Watch
ENG-00090,2026-12-01,0.8040542950445633,Critical
ENG-00092,2026-07-01,0.006718741219384566,Low
ENG-00092,2026-08-01,0.10388169281791372,Low
ENG-00092,2026-09-01,0.27837230388507933,Low
ENG-00092,2026-10-01,0.1360580154701045,Low
ENG-00092,2026-11-01,0.7150877857358786,Critical
ENG-00107,2026-03-01,0.0,Low
ENG-00107,2026-04-01,4.234427222196703e-05,Low
ENG-00107,2026-05-01,0.09050415243434268,Low
ENG-00107,2026-06-01,0.024158970033492252,Low
ENG-00107,2026-07-01,4.234427222196703e-05,Low
ENG-00107,2026-08-01,0.01339853574366567,Low
ENG-00113,2026-08-01,0.007571749233369202,Low
ENG-00117,2026-07-01,0.39088693364095217,Watch
ENG-00117,2026-08-01,0.6804901512689295,Critical
ENG-00125,2026-07-01,0.10283493590819374,Low
ENG-00125,2026-08-01,0.4056458327426928,Watch
ENG-00129,2026-07-01,0.02314672725848046,Low
ENG-00129,2026-08-01,0.0003028820080698435,Low
ENG-00137,2026-07-01,0.3706442058296837,Watch
ENG-00137,2026-08-01,0.3499557113039895,Low
ENG-00141,2026-06-01,0.03720511074357801,Low
ENG-00141,2026-07-01,0.01652312212969061,Low
ENG-00141,2026-08-01,0.6508255771289875,Critical
ENG-00144,2026-04-01,0.00474550266857438,Low
ENG-00144,2026-05-01,0.0064784146018367775,Low
ENG-00144,2026-06-01,0.0011985462996708593,Low
ENG-00144,2026-07-01,0.009542816347672864,Low
ENG-00144,2026-08-01,9.494505823427051e-05,Low
ENG-00145,2026-01-01,0.09120198666897342,Low
ENG-00145,2026-02-01,0.07595306837561829,Low
ENG-00145,2026-03-01,0.07156923478949331,Low
ENG-00145,2026-04-01,0.1640742758077827,Low
ENG-00145,2026-05-01,0.18054427890274133,Low
ENG-00145,2026-06-01,0.03928943961410246,Low
ENG-00145,2026-07-01,0.11496298542404526,Low
ENG-00145,2026-08-01,0.039353111973570984,Low
ENG-00151,2026-08-01,0.0019611735667216697,Low
ENG-00151,2026-09-01,0.7214757925299989,Critical
ENG-00151,2026-10-01,0.8419024084790915,Critical
ENG-00151,2026-11-01,0.981975848085316,Critical
ENG-00154,2026-06-01,0.3412845744505997,Low
ENG-00154,2026-07-01,0.9642097736057925,Critical
ENG-00154,2026-08-01,0.9752314062779349,Critical
ENG-00154,2026-09-01,0.9988129324061438,Critical
ENG-00154,2026-10-01,0.997452023967922,Critical
ENG-00158,2026-06-01,0.07734332528150488,Low
ENG-00158,2026-07-01,0.8555605051835012,Critical
ENG-00158,2026-08-01,0.9729711785843213,Critical
ENG-00158,2026-09-01,0.9967862693491126,Critical
ENG-00162,2026-04-01,0.029862280009997407,Low
ENG-00162,2026-05-01,0.0744407253777476,Low
ENG-00162,2026-06-01,0.4801806809219295,Watch
ENG-00162,2026-07-01,0.9326846843536426,Critical
ENG-00162,2026-08-01,0.96142249656259,Critical
ENG-00163,2026-03-01,0.02242715844564182,Low
ENG-00163,2026-04-01,0.0001552267264025937,Low
ENG-00163,2026-05-01,0.0027182836471569063,Low
ENG-00163,2026-06-01,0.0005602167371834475,Low
ENG-00163,2026-07-01,0.01289094884775985,Low
ENG-00163,2026-08-01,0.0022110907812651274,Low
ENG-00169,2026-08-01,0.20395613799141413,Low
ENG-00170,2026-08-01,0.11182597994085704,Low
ENG-00171,2026-08-01,0.004034538968946438,Low
ENG-00175,2026-08-01,0.17930321717355588,Low
ENG-00175,2026-09-01,0.7968003408579878,Critical
ENG-00175,2026-10-01,0.9949086717914823,Critical
ENG-00175,2026-11-01,0.9899557104344177,Critical
ENG-00179,2026-05-01,0.08702288782946264,Low
ENG-00179,2026-06-01,0.002892104318062029,Low
ENG-00179,2026-07-01,0.07259794869334539,Low
ENG-00179,2026-08-01,0.051962675617664204,Low
ENG-00182,2026-05-01,0.007028630825069672,Low
ENG-00182,2026-06-01,0.0005602167371834475,Low
ENG-00182,2026-07-01,0.024716942550325437,Low
ENG-00182,2026-08-01,0.03617617610525792,Low
ENG-00191,2026-07-01,0.0001674100464439748,Low
ENG-00191,2026-08-01,0.022867453476283734,Low
ENG-00197,2026-04-01,0.00019242626798067695,Low
ENG-00197,2026-05-01,0.015309153730974225,Low
ENG-00197,2026-06-01,0.00043167869135329466,Low
ENG-00197,2026-07-01,0.0018101235078486317,Low
ENG-00197,2026-08-01,0.06145595638854791,Low
ENG-00199,2026-03-01,0.0058322466493744745,Low
ENG-00199,2026-04-01,0.00232617500422419,Low
ENG-00199,2026-05-01,0.09149519683873744,Low
ENG-00199,2026-06-01,4.234427222196703e-05,Low
ENG-00199,2026-07-01,4.234427222196703e-05,Low
ENG-00199,2026-08-01,0.018945869395187814,Low
ENG-00199,2026-09-01,0.21970130472496574,Low
ENG-00199,2026-10-01,0.07629902133208862,Low
ENG-00199,2026-11-01,0.20429011820207493,Low
ENG-00199,2026-12-01,0.9347141701609284,Critical
ENG-00202,2026-02-01,0.0049298891210873405,Low
ENG-00202,2026-03-01,0.016101133723601765,Low
ENG-00202,2026-04-01,0.14129784162661602,Low
ENG-00202,2026-05-01,0.0007015145851714795,Low
ENG-00202,2026-06-01,0.013422441330295394,Low
ENG-00202,2026-07-01,0.0007647826639210591,Low
ENG-00202,2026-08-01,0.019923880679389702,Low
ENG-00205,2026-04-01,0.052733186448482496,Low
ENG-00205,2026-05-01,0.1737699016025103,Low
ENG-00205,2026-06-01,0.14944038266827364,Low
ENG-00205,2026-07-01,0.28225493653959094,Low
ENG-00205,2026-08-01,0.13940394247244728,Low
ENG-00209,2026-07-01,0.02170374102978428,Low
ENG-00209,2026-08-01,0.08421812605924632,Low
ENG-00209,2026-09-01,0.49635505558456666,Watch
ENG-00209,2026-10-01,0.5227521084190715,Watch
ENG-00209,2026-11-01,0.9326882723062522,Critical
ENG-00210,2026-03-01,0.19657870742974076,Low
ENG-00210,2026-04-01,0.9357758195485874,Critical
ENG-00210,2026-05-01,0.8891361019840357,Critical
ENG-00210,2026-06-01,0.9971543322877746,Critical
ENG-00214,2026-05-01,0.2885414788953383,Low
ENG-00214,2026-06-01,0.8464556545268688,Critical
ENG-00214,2026-07-01,0.9937686369770751,Critical
ENG-00214,2026-08-01,0.9660105562059531,Critical
ENG-00214,2026-09-01,0.9979604802631492,Critical
ENG-00221,2026-06-01,0.2820223751089555,Low
ENG-00221,2026-07-01,0.5915687484601423,Watch
ENG-00221,2026-08-01,0.9938904183922865,Critical
ENG-00224,2026-06-01,0.04938880877340724,Low
ENG-00224,2026-07-01,0.010593813328772851,Low
ENG-00224,2026-08-01,0.003615151995505302,Low
ENG-00232,2026-01-01,0.009208372208163375,Low
ENG-00232,2026-02-01,0.3850957792062359,Watch
ENG-00232,2026-03-01,0.19739248612600524,Low
ENG-00232,2026-04-01,0.6362948667723115,Watch
ENG-00232,2026-05-01,0.8483815777831532,Critical
ENG-00234,2026-05-01,0.05938103558748616,Low
ENG-00234,2026-06-01,0.462388702497623,Watch
ENG-00234,2026-07-01,0.8161868553582597,Critical
ENG-00234,2026-08-01,0.4067551112486103,Watch
ENG-00238,2026-08-01,0.01129001233481366,Low
ENG-00239,2026-02-01,0.09671983835833341,Low
ENG-00239,2026-03-01,0.08650691423670016,Low
ENG-00239,2026-04-01,0.0037021285980996838,Low
ENG-00239,2026-05-01,0.13578370395346961,Low
ENG-00239,2026-06-01,0.002154397381904209,Low
ENG-00239,2026-07-01,0.03451937856978518,Low
ENG-00239,2026-08-01,0.021115680156795113,Low
ENG-00242,2026-08-01,0.11134425659124515,Low
ENG-00244,2026-03-01,0.0001674100464439748,Low
ENG-00244,2026-04-01,0.002862240067049138,Low
ENG-00244,2026-05-01,9.494505823427051e-05,Low
ENG-00244,2026-06-01,0.0049219469526266485,Low
ENG-00244,2026-07-01,6.992883669756839e-05,Low
ENG-00244,2026-08-01,0.00023610940217607063,Low
ENG-00246,2026-01-01,0.42434866130373566,Watch
ENG-00246,2026-02-01,0.4443039729652823,Watch
ENG-00246,2026-03-01,0.9396384387593854,Critical
ENG-00246,2026-04-01,0.9695865435196929,Critical
ENG-00246,2026-05-01,0.9605212513271092,Critical
ENG-00246,2026-06-01,0.9918652308857079,Critical
ENG-00246,2026-07-01,0.9175065666035213,Critical
ENG-00256,2026-05-01,0.016036854571488245,Low
ENG-00256,2026-06-01,0.034583374646414325,Low
ENG-00256,2026-07-01,0.1662425151114711,Low
ENG-00256,2026-08-01,0.026807626882049653,Low
ENG-00259,2026-02-01,0.006759205109813173,Low
ENG-00259,2026-03-01,0.13526337817430129,Low
ENG-00259,2026-04-01,0.002229575513526912,Low
ENG-00259,2026-05-01,0.05045620608344516,Low
ENG-00259,2026-06-01,0.0017195623656250311,Low
ENG-00259,2026-07-01,0.003328979985505436,Low
ENG-00259,2026-08-01,0.008477644756252204,Low
ENG-00260,2026-07-01,0.08897770313238224,Low
ENG-00260,2026-08-01,0.026907223881642413,Low
ENG-00260,2026-09-01,0.06391994107341299,Low
ENG-00260,2026-10-01,0.24889937941497217,Low
ENG-00260,2026-11-01,0.8240939040523668,Critical
ENG-00260,2026-12-01,0.8913117673067156,Critical
ENG-00260,2027-01-01,0.9962165967451875,Critical
ENG-00262,2026-08-01,0.025449860490634385,Low
ENG-00271,2026-05-01,0.00038041881398531485,Low
ENG-00271,2026-06-01,0.0099214688829887,Low
ENG-00271,2026-07-01,0.07239865868521098,Low
ENG-00271,2026-08-01,0.0046072728590358745,Low
ENG-00276,2026-07-01,0.007903956378164973,Low
ENG-00276,2026-08-01,4.234427222196703e-05,Low
ENG-00277,2026-05-01,0.6932166176162636,Critical
ENG-00277,2026-06-01,0.5148401613613504,Watch
ENG-00277,2026-07-01,0.9464218189804139,Critical
ENG-00277,2026-08-01,0.7723301866011508,Critical
ENG-00277,2026-09-01,0.8925867416696658,Critical
ENG-00277,2026-10-01,0.9286412704268621,Critical
ENG-00277,2026-11-01,0.6848369890763953,Critical
ENG-00277,2026-12-01,0.9982925181914498,Critical
ENG-00277,2027-01-01,0.94292522158841,Critical
ENG-00277,2027-02-01,0.9970816929195866,Critical
ENG-00277,2027-03-01,0.9514462503955459,Critical
ENG-00280,2026-02-01,0.08630892442337408,Low
ENG-00280,2026-03-01,0.01643117337974147,Low
ENG-00280,2026-04-01,0.1507391394802581,Low
ENG-00280,2026-05-01,0.0400940476552527,Low
ENG-00280,2026-06-01,0.19922972654708723,Low
ENG-00280,2026-07-01,0.030940854587700753,Low
ENG-00280,2026-08-01,0.013406208982383691,Low
ENG-00280,2026-09-01,0.47350314351660777,Watch
ENG-00280,2026-10-01,0.748548093665767,Critical
ENG-00280,2026-11-01,0.9088638798287793,Critical
ENG-00280,2026-12-01,0.9892795880974775,Critical
ENG-00282,2025-12-01,0.271959102393717,Low
ENG-00282,2026-01-01,0.14819031420212228,Low
ENG-00282,2026-02-01,0.2600664147669774,Low
ENG-00282,2026-03-01,0.13797164710644255,Low
ENG-00282,2026-04-01,0.042878369175178996,Low
ENG-00282,2026-05-01,0.2429950922468023,Low
ENG-00282,2026-06-01,0.2689906402797397,Low
ENG-00282,2026-07-01,0.22791538497302274,Low
ENG-00282,2026-08-01,0.2604473072774946,Low
ENG-00289,2026-03-01,0.008125015526987779,Low
ENG-00289,2026-04-01,0.023186613415625227,Low
ENG-00289,2026-05-01,4.234427222196703e-05,Low
ENG-00289,2026-06-01,0.0012510640831349643,Low
ENG-00289,2026-07-01,0.0016396790647592837,Low
ENG-00289,2026-08-01,0.001126856745895249,Low
ENG-00301,2025-12-01,0.05561082741745177,Low
ENG-00301,2026-01-01,6.992883669756839e-05,Low
ENG-00301,2026-02-01,0.042072826717462736,Low
ENG-00301,2026-03-01,0.04469764278605491,Low
ENG-00301,2026-04-01,0.06729642756492964,Low
ENG-00301,2026-05-01,0.02571464894357466,Low
ENG-00301,2026-06-01,0.05219427123387612,Low
ENG-00301,2026-07-01,0.018238663253092736,Low
ENG-00310,2026-01-01,0.0019894907745846855,Low
ENG-00310,2026-02-01,0.2574493193827758,Low
ENG-00310,2026-03-01,0.0005927737126853722,Low
ENG-00310,2026-04-01,0.0627311963520348,Low
ENG-00310,2026-05-01,0.02550936327707218,Low
ENG-00310,2026-06-01,0.2797571645009412,Low
ENG-00310,2026-07-01,0.0608437082833423,Low
ENG-00310,2026-08-01,0.19644110474575932,Low
ENG-00311,2026-03-01,0.0981337712882307,Low
ENG-00311,2026-04-01,0.05914277873647965,Low
ENG-00311,2026-05-01,0.5441855985252433,Watch
ENG-00311,2026-06-01,0.019867408730328644,Low
ENG-00311,2026-07-01,0.2660746162579973,Low
ENG-00311,2026-08-01,0.12211844245661377,Low
ENG-00312,2026-08-01,0.15782626792029067,Low
ENG-00324,2026-01-01,0.21469554762194923,Low
ENG-00324,2026-02-01,0.6711636036246962,Critical
ENG-00324,2026-03-01,0.7416953035139205,Critical
ENG-00324,2026-04-01,0.6900867864343883,Critical
ENG-00332,2026-07-01,0.3845359363598716,Watch
ENG-00332,2026-08-01,0.9163084208170683,Critical
ENG-00332,2026-09-01,0.9899789690183951,Critical
ENG-00332,2026-10-01,0.9969850628667083,Critical
ENG-00332,2026-11-01,0.9425618065683208,Critical
ENG-00333,2025-12-01,0.01303656352331213,Low
ENG-00333,2026-01-01,0.006533029740723769,Low
ENG-00333,2026-02-01,0.03166644978976008,Low
ENG-00333,2026-03-01,0.0011192587870362725,Low
ENG-00333,2026-04-01,0.010944727419827282,Low
ENG-00333,2026-05-01,0.01872666946690742,Low
ENG-00333,2026-06-01,0.005577742787169168,Low
ENG-00333,2026-07-01,0.0224232862691528,Low
ENG-00333,2026-08-01,0.0012399362762298188,Low
ENG-00336,2026-04-01,0.09500392834907623,Low
ENG-00336,2026-05-01,0.6749620834879912,Critical
ENG-00336,2026-06-01,0.9689974804615102,Critical
ENG-00336,2026-07-01,0.9962765090477941,Critical
ENG-00347,2026-04-01,0.02175335066468232,Low
ENG-00347,2026-05-01,0.40641761133092585,Watch
ENG-00347,2026-06-01,0.16208483568613627,Low
ENG-00347,2026-07-01,0.08685205883203674,Low
ENG-00347,2026-08-01,0.167574869901042,Low
ENG-00352,2026-07-01,0.12530355677818297,Low
ENG-00352,2026-08-01,0.32587073731726063,Low
ENG-00355,2026-06-01,0.003451930320107748,Low
ENG-00355,2026-07-01,0.0014871964918811865,Low
ENG-00355,2026-08-01,0.002562801332388835,Low
ENG-00364,2026-05-01,0.5988186639141773,Watch
ENG-00364,2026-06-01,0.9655629436270154,Critical
ENG-00364,2026-07-01,0.9809700995678202,Critical
ENG-00364,2026-08-01,0.9893921804852523,Critical
ENG-00364,2026-09-01,0.9920882252110541,Critical
ENG-00364,2026-10-01,0.9763681610512066,Critical
ENG-00365,2026-08-01,0.14096082663861062,Low
ENG-00367,2025-12-01,0.15329655944769327,Low
ENG-00367,2026-01-01,0.09273789177161375,Low
ENG-00367,2026-02-01,0.13318902323559642,Low
ENG-00367,2026-03-01,0.06489034038125581,Low
ENG-00367,2026-04-01,0.18717282965242557,Low
ENG-00367,2026-05-01,0.23913391916283483,Low
ENG-00367,2026-06-01,0.01729719214282642,Low
ENG-00367,2026-07-01,0.4037766934936069,Watch
ENG-00367,2026-08-01,0.07409445306577292,Low
ENG-00369,2025-12-01,0.1118622711563286,Low
ENG-00369,2026-01-01,0.05899628345723129,Low
ENG-00369,2026-02-01,0.3126917788992966,Low
ENG-00369,2026-03-01,0.19305480041186304,Low
ENG-00369,2026-04-01,0.22893421721778168,Low
ENG-00369,2026-05-01,0.0840384079074411,Low
ENG-00369,2026-06-01,0.2477711313509299,Low
ENG-00369,2026-07-01,0.1221869332366509,Low
ENG-00369,2026-08-01,0.13809826639428177,Low
ENG-00371,2026-04-01,0.10379160269493437,Low
ENG-00371,2026-05-01,0.07762014685037687,Low
ENG-00371,2026-06-01,0.14915782642935183,Low
ENG-00371,2026-07-01,0.43369382915347027,Watch
ENG-00371,2026-08-01,0.10472371757116213,Low
ENG-00373,2026-04-01,0.03577428185839367,Low
ENG-00373,2026-05-01,0.02313767626179534,Low
ENG-00373,2026-06-01,0.03513092300426489,Low
ENG-00373,2026-07-01,0.13485590754471077,Low
ENG-00373,2026-08-01,0.025543093763094327,Low
ENG-00374,2026-02-01,0.036931420387834,Low
ENG-00374,2026-03-01,0.07115339980000258,Low
ENG-00374,2026-04-01,0.05412607470349182,Low
ENG-00374,2026-05-01,0.03068207174175325,Low
ENG-00374,2026-06-01,0.007971381226143218,Low
ENG-00374,2026-07-01,0.2058802227967464,Low
ENG-00374,2026-08-01,0.053300566339936024,Low
ENG-00375,2026-05-01,0.13468255851044517,Low
ENG-00375,2026-06-01,0.11458218710671161,Low
ENG-00375,2026-07-01,0.07622614009969493,Low
ENG-00375,2026-08-01,0.48338834616867254,Watch
ENG-00379,2026-06-01,0.13195679185014442,Low
ENG-00379,2026-07-01,0.1008602067913971,Low
ENG-00379,2026-08-01,0.40072043756858705,Watch
ENG-00383,2025-12-01,0.6809282115682619,Critical
ENG-00383,2026-01-01,0.9360146003643598,Critical
ENG-00383,2026-02-01,0.5434339839187765,Watch
ENG-00383,2026-03-01,0.9734287986122712,Critical
ENG-00383,2026-04-01,0.9021454952419671,Critical
ENG-00383,2026-05-01,0.8469707503776753,Critical
ENG-00383,2026-06-01,0.9882515114383428,Critical
ENG-00383,2026-07-01,0.23939280421629855,Low
ENG-00383,2026-08-01,0.5384629718362041,Watch
ENG-00384,2026-03-01,0.023630016230284403,Low
ENG-00384,2026-04-01,0.1019592503309615,Low
ENG-00384,2026-05-01,0.002371430710897447,Low
ENG-00384,2026-06-01,0.0010437364347603896,Low
ENG-00384,2026-07-01,0.0,Low
ENG-00384,2026-08-01,0.01887103730989482,Low
ENG-00386,2025-12-01,0.004410134950012118,Low
ENG-00386,2026-01-01,0.1574625030414387,Low
ENG-00386,2026-02-01,0.020639960936849243,Low
ENG-00386,2026-03-01,0.013727906648713614,Low
ENG-00386,2026-04-01,0.0004698153419048045,Low
ENG-00386,2026-05-01,0.009832277415046276,Low
ENG-00386,2026-06-01,0.02971350386091549,Low
ENG-00386,2026-07-01,0.03293764934929611,Low
ENG-00386,2026-08-01,0.017676713232347315,Low
ENG-00387,2026-04-01,0.00848525024107533,Low
ENG-00387,2026-05-01,0.024946795187600256,Low
ENG-00387,2026-06-01,0.015355071515890191,Low
ENG-00387,2026-07-01,0.004680615934194293,Low
ENG-00387,2026-08-01,0.07847824166027284,Low
ENG-00393,2026-06-01,0.6911209462465192,Critical
ENG-00393,2026-07-01,0.9807318536276497,Critical
ENG-00393,2026-08-01,0.9601399387805215,Critical
ENG-00393,2026-09-01,0.9978167295416498,Critical
ENG-00395,2026-07-01,0.09134673826566368,Low
ENG-00395,2026-08-01,0.04165077291164028,Low
ENG-00396,2026-06-01,0.03162649607754802,Low
ENG-00396,2026-07-01,0.000408689609920524,Low
ENG-00396,2026-08-01,0.0008936993471364191,Low
ENG-00396,2026-09-01,0.010062349085677687,Low
ENG-00396,2026-10-01,0.04674761127960711,Low
ENG-00396,2026-11-01,0.2212557821642748,Low
ENG-00396,2026-12-01,0.16490079171368527,Low
ENG-00396,2027-01-01,0.7907357082919165,Critical
ENG-00396,2027-02-01,0.9440428119363901,Critical
ENG-00400,2026-04-01,0.09987647323160803,Low
ENG-00400,2026-05-01,0.09769705093897064,Low
ENG-00400,2026-06-01,0.4918134871494747,Watch
ENG-00400,2026-07-01,0.09952627958428054,Low
ENG-00400,2026-08-01,0.12207763968484919,Low
ENG-00403,2026-02-01,0.02086845397381217,Low
ENG-00403,2026-03-01,0.43413866016237174,Watch
ENG-00403,2026-04-01,0.03420264561140256,Low
ENG-00403,2026-05-01,0.4110229139902717,Watch
ENG-00403,2026-06-01,0.11103630359569967,Low
ENG-00403,2026-07-01,0.48692243977177174,Watch
ENG-00403,2026-08-01,0.04933249400813111,Low
ENG-00408,2026-02-01,0.020883442271161137,Low
ENG-00408,2026-03-01,0.014524300460564677,Low
ENG-00408,2026-04-01,0.0032038014101270986,Low
ENG-00408,2026-05-01,4.234427222196703e-05,Low
ENG-00408,2026-06-01,0.005452460849569816,Low
ENG-00408,2026-07-01,0.027987779129975323,Low
ENG-00408,2026-08-01,0.000999214411274524,Low
ENG-00413,2026-07-01,0.0541845885245111,Low
ENG-00413,2026-08-01,0.17966297880669518,Low
ENG-00420,2026-01-01,0.24708729685444666,Low
ENG-00420,2026-02-01,0.9306587395975789,Critical
ENG-00420,2026-03-01,0.9928824230749141,Critical
ENG-00420,2026-04-01,0.9840879783073964,Critical
ENG-00426,2025-12-01,0.016086054489772468,Low
ENG-00426,2026-01-01,0.006987947468579869,Low
ENG-00426,2026-02-01,0.011090875238446115,Low
ENG-00426,2026-03-01,0.05984474117854384,Low
ENG-00426,2026-04-01,0.03724483691971137,Low
ENG-00426,2026-05-01,0.0006195485154767539,Low
ENG-00426,2026-06-01,0.052706117079993904,Low
ENG-00426,2026-07-01,0.016389468928447413,Low
ENG-00426,2026-08-01,0.029422444465934075,Low
ENG-00428,2026-02-01,0.17911032053124812,Low
ENG-00428,2026-03-01,0.3134717320392687,Low
ENG-00428,2026-04-01,0.6149362852730498,Watch
ENG-00428,2026-05-01,0.4049978536204595,Watch
ENG-00428,2026-06-01,0.1442040124311597,Low
ENG-00428,2026-07-01,0.48021613800616963,Watch
ENG-00428,2026-08-01,0.9461319017825042,Critical
ENG-00428,2026-09-01,0.9529880710869503,Critical
ENG-00428,2026-10-01,0.9926228264460736,Critical
ENG-00428,2026-11-01,0.9409815952714377,Critical
ENG-00429,2025-12-01,0.0030608878250156795,Low
ENG-00429,2026-01-01,0.01413081614971787,Low
ENG-00429,2026-02-01,0.002290446712431972,Low
ENG-00429,2026-03-01,0.11773439601672261,Low
ENG-00429,2026-04-01,0.021080086518362746,Low
ENG-00429,2026-05-01,0.0010319860186616618,Low
ENG-00429,2026-06-01,0.001072305217516873,Low
ENG-00429,2026-07-01,0.009355744623859545,Low
ENG-00429,2026-08-01,0.0032063626963429116,Low
ENG-00432,2026-06-01,0.13947912015070202,Low
ENG-00432,2026-07-01,0.09988861531964992,Low
ENG-00432,2026-08-01,0.165332997079096,Low
ENG-00433,2025-12-01,0.011219585820669111,Low
ENG-00433,2026-01-01,0.00018024294793929585,Low
ENG-00433,2026-02-01,0.008801574981776401,Low
ENG-00433,2026-03-01,6.992883669756839e-05,Low
ENG-00433,2026-04-01,0.0017698458708863107,Low
ENG-00433,2026-05-01,0.0003964471513576157,Low
ENG-00433,2026-06-01,6.992883669756839e-05,Low
ENG-00433,2026-07-01,0.0003964471513576157,Low
ENG-00434,2026-08-01,0.7307963178526755,Critical
ENG-00436,2026-02-01,0.23878624671789153,Low
ENG-00436,2026-03-01,0.35908443110412475,Watch
ENG-00436,2026-04-01,0.27348482503388993,Low
ENG-00436,2026-05-01,0.3539755358643959,Watch
ENG-00436,2026-06-01,0.6759394021385127,Critical
ENG-00436,2026-07-01,0.47664395310348556,Watch
ENG-00436,2026-08-01,0.7619292349617972,Critical
ENG-00438,2026-02-01,0.11106917438439178,Low
ENG-00438,2026-03-01,0.023846997590086762,Low
ENG-00438,2026-04-01,0.009331572664374014,Low
ENG-00438,2026-05-01,0.01039455045050444,Low
ENG-00438,2026-06-01,0.09015592684389885,Low
ENG-00438,2026-07-01,0.04440847740900845,Low
ENG-00438,2026-08-01,0.019436926643287777,Low
ENG-00445,2026-06-01,0.008661331854301322,Low
ENG-00445,2026-07-01,0.004845598883361047,Low
ENG-00445,2026-08-01,4.234427222196703e-05,Low
ENG-00449,2026-06-01,0.026227955245739263,Low
ENG-00449,2026-07-01,0.027980377947222124,Low
ENG-00449,2026-08-01,0.010195375792395756,Low
ENG-00458,2026-01-01,0.018871010245807878,Low
ENG-00458,2026-02-01,0.086612773151353,Low
ENG-00458,2026-03-01,0.0047872969142286675,Low
ENG-00458,2026-04-01,0.07994851975953358,Low
ENG-00458,2026-05-01,0.018210310040364722,Low
ENG-00458,2026-06-01,0.08116795329820342,Low
ENG-00458,2026-07-01,0.016772866939117465,Low
ENG-00471,2026-04-01,0.0355406136326637,Low
ENG-00471,2026-05-01,0.0040684484167170095,Low
ENG-00471,2026-06-01,0.006082042291678871,Low
ENG-00471,2026-07-01,0.07847939576790289,Low
ENG-00471,2026-08-01,0.13185692626386356,Low
ENG-00480,2026-04-01,0.014353974794424074,Low
ENG-00480,2026-05-01,0.006729529689238068,Low
ENG-00480,2026-06-01,0.006532911381828442,Low
ENG-00480,2026-07-01,0.007830129182099693,Low
ENG-00480,2026-08-01,0.01987887068826118,Low
ENG-00481,2026-08-01,0.09856961177448574,Low
ENG-00481,2026-09-01,0.7444733892844838,Critical
ENG-00481,2026-10-01,0.8775952948109718,Critical
ENG-00481,2026-11-01,0.9841498091687293,Critical
ENG-00482,2026-07-01,0.055282166893817763,Low
ENG-00482,2026-08-01,0.04543019531325363,Low
ENG-00486,2026-02-01,0.0329096186953954,Low
ENG-00486,2026-03-01,0.2268461161163032,Low
ENG-00486,2026-04-01,0.17065969157931546,Low
ENG-00486,2026-05-01,0.10034922933615728,Low
ENG-00486,2026-06-01,0.012291173458347482,Low
ENG-00486,2026-07-01,0.03145418606538695,Low
ENG-00486,2026-08-01,0.03389666093179401,Low
ENG-00496,2026-02-01,0.10261949230413664,Low
ENG-00496,2026-03-01,0.00883654934959355,Low
ENG-00496,2026-04-01,0.03476487149365745,Low
ENG-00496,2026-05-01,0.012760135752352337,Low
ENG-00496,2026-06-01,0.05078538946583493,Low
ENG-00496,2026-07-01,0.017617238190311614,Low
ENG-00496,2026-08-01,0.018319613877140716,Low
ENG-00497,2026-06-01,0.06637925687503651,Low
ENG-00497,2026-07-01,0.003835381751634656,Low
ENG-00497,2026-08-01,0.0066981818693837274,Low
ENG-00497,2026-09-01,0.00909029422096648,Low
ENG-00497,2026-10-01,0.0017698458708863107,Low
ENG-00497,2026-11-01,0.004829144867522793,Low
ENG-00497,2026-12-01,0.2919961216307797,Low
ENG-00497,2027-01-01,0.27507054548181115,Low
ENG-00497,2027-02-01,0.7927359927273963,Critical
ENG-00498,2026-06-01,0.0824788221538231,Low
ENG-00498,2026-07-01,0.0002620991759586012,Low
ENG-00498,2026-08-01,0.03833064709713185,Low
ENG-00504,2026-08-01,0.0037966783433682413,Low
ENG-00506,2026-03-01,0.008901674995253002,Low
ENG-00506,2026-04-01,0.11890494880538002,Low
ENG-00506,2026-05-01,0.4801437472996069,Watch
ENG-00506,2026-06-01,0.7459705158063117,Critical
ENG-00506,2026-07-01,0.9348099006408288,Critical
ENG-00511,2026-04-01,0.19747165549140275,Low
ENG-00511,2026-05-01,0.09745604185179703,Low
ENG-00511,2026-06-01,0.06381425814410481,Low
ENG-00511,2026-07-01,0.4066842581844776,Watch
ENG-00511,2026-08-01,0.09738392071059306,Low
ENG-00526,2026-03-01,0.11626399892323284,Low
ENG-00526,2026-04-01,0.18697719278546018,Low
ENG-00526,2026-05-01,0.12378521266539441,Low
ENG-00526,2026-06-01,0.07873486309477616,Low
ENG-00526,2026-07-01,0.11845662886332373,Low
ENG-00526,2026-08-01,0.05904463684561917,Low
ENG-00531,2026-04-01,0.13365335200001066,Low
ENG-00531,2026-05-01,0.08056086501187225,Low
ENG-00531,2026-06-01,0.7395793305079601,Critical
ENG-00531,2026-07-01,0.8454694153661404,Critical
ENG-00531,2026-08-01,0.3027192115509329,Low
ENG-00534,2026-07-01,0.048054474583665276,Low
ENG-00534,2026-08-01,0.7985244821121804,Critical
ENG-00537,2026-04-01,0.3158935407024888,Low
ENG-00537,2026-05-01,0.23528618320293632,Low
ENG-00537,2026-06-01,0.640051251277185,Watch
ENG-00537,2026-07-01,0.5190919773483464,Watch
ENG-00537,2026-08-01,0.349417805417373,Low
ENG-00546,2026-07-01,0.03437268407974829,Low
ENG-00546,2026-08-01,0.027774982696660983,Low
ENG-00546,2026-09-01,0.04048752274334962,Low
ENG-00546,2026-10-01,0.0031881587364471905,Low
ENG-00546,2026-11-01,0.05575475689356896,Low
ENG-00546,2026-12-01,0.1382394175731738,Low
ENG-00546,2027-01-01,0.6695070497391828,Critical
ENG-00546,2027-02-01,0.921192802421021,Critical
ENG-00546,2027-03-01,0.8983291735400925,Critical
ENG-00547,2026-02-01,0.06926435977109884,Low
ENG-00547,2026-03-01,0.05331930548476307,Low
ENG-00547,2026-04-01,0.26789454129518137,Low
ENG-00547,2026-05-01,0.04156644117192593,Low
ENG-00547,2026-06-01,0.1287678271284147,Low
ENG-00547,2026-07-01,0.024920414399694772,Low
ENG-00547,2026-08-01,0.004937936405408467,Low
ENG-00555,2026-08-01,0.0115878538419873,Low
ENG-00556,2026-06-01,0.0660395543712072,Low
ENG-00556,2026-07-01,0.03779674674459356,Low
ENG-00556,2026-08-01,0.09684162690650372,Low
ENG-00560,2026-05-01,0.24527708225361455,Low
ENG-00560,2026-06-01,0.9666094679422719,Critical
ENG-00560,2026-07-01,0.9898071229233056,Critical
ENG-00560,2026-08-01,0.9993140247030842,Critical
ENG-00560,2026-09-01,0.99597616408702,Critical
ENG-00564,2026-06-01,0.07458331673878842,Low
ENG-00564,2026-07-01,0.11922372767462903,Low
ENG-00564,2026-08-01,0.07286073052572294,Low
ENG-00566,2026-02-01,0.009437013967507247,Low
ENG-00566,2026-03-01,0.03659318652282165,Low
ENG-00566,2026-04-01,0.006832670401357092,Low
ENG-00566,2026-05-01,0.02518895349156659,Low
ENG-00566,2026-06-01,0.007000170192908142,Low
ENG-00566,2026-07-01,0.029748323561815296,Low
ENG-00566,2026-08-01,0.06269712353750448,Low
ENG-00568,2026-07-01,0.07218250010870969,Low
ENG-00568,2026-08-01,0.013609414534607062,Low
ENG-00572,2026-01-01,0.5968648842441475,Watch
ENG-00572,2026-02-01,0.7556714873355852,Critical
ENG-00572,2026-03-01,0.8704157687038406,Critical
ENG-00572,2026-04-01,0.7694343488489129,Critical
ENG-00572,2026-05-01,0.914449198281882,Critical
ENG-00572,2026-06-01,0.5119941479965153,Watch
ENG-00572,2026-07-01,0.8829456207726084,Critical
ENG-00572,2026-08-01,0.774840410916942,Critical
ENG-00575,2026-08-01,0.0019833143723928704,Low
ENG-00578,2026-01-01,0.007375950758097606,Low
ENG-00578,2026-02-01,0.020332645257078185,Low
ENG-00578,2026-03-01,0.09596275154950908,Low
ENG-00578,2026-04-01,0.032433001987608547,Low
ENG-00578,2026-05-01,0.03436694219325626,Low
ENG-00578,2026-06-01,0.016887435024444633,Low
ENG-00578,2026-07-01,0.009559150037820792,Low
ENG-00578,2026-08-01,0.0320483220628045,Low
ENG-00593,2026-07-01,0.01515315732043673,Low
ENG-00593,2026-08-01,0.02017755787101264,Low
ENG-00601,2026-03-01,0.003670870034461992,Low
ENG-00601,2026-04-01,0.44828104172254807,Watch
ENG-00601,2026-05-01,0.48681105063121016,Watch
ENG-00601,2026-06-01,0.2611651972560695,Low
ENG-00601,2026-07-01,0.12082576925499988,Low
ENG-00601,2026-08-01,0.352921717177572,Watch
ENG-00603,2025-12-01,0.018069690391694482,Low
ENG-00603,2026-01-01,0.014748410604325366,Low
ENG-00603,2026-02-01,0.1651402588576784,Low
ENG-00603,2026-03-01,0.06322159684655591,Low
ENG-00603,2026-04-01,0.673639101923713,Critical
ENG-00603,2026-05-01,0.9252258558266779,Critical
ENG-00607,2026-04-01,0.0009180971692140742,Low
ENG-00607,2026-05-01,0.42646686674782,Watch
ENG-00607,2026-06-01,0.5671586411000638,Watch
ENG-00607,2026-07-01,0.8201621453347828,Critical
ENG-00615,2026-07-01,0.6146499077713454,Watch
ENG-00615,2026-08-01,0.9423609224347573,Critical
ENG-00619,2026-05-01,0.08081624576001202,Low
ENG-00619,2026-06-01,0.3853041962582868,Watch
ENG-00619,2026-07-01,0.942307004334369,Critical
ENG-00619,2026-08-01,0.962802982406183,Critical
ENG-00619,2026-09-01,0.9974380519146296,Critical
ENG-00622,2026-08-01,0.04803373692344068,Low
ENG-00623,2026-03-01,0.06634836079835471,Low
ENG-00623,2026-04-01,0.22347616306070975,Low
ENG-00623,2026-05-01,0.197867991163067,Low
ENG-00623,2026-06-01,0.2781229328186687,Low
ENG-00623,2026-07-01,0.7096571041645807,Critical
ENG-00623,2026-08-01,0.5074750434893984,Watch
ENG-00627,2026-07-01,0.001960139665847048,Low
ENG-00627,2026-08-01,0.07260472296928698,Low
ENG-00627,2026-09-01,0.004579292440937907,Low
ENG-00627,2026-10-01,0.014328611774952225,Low
ENG-00627,2026-11-01,0.09608118559016873,Low
ENG-00627,2026-12-01,0.5062381985833911,Watch
ENG-00627,2027-01-01,0.46537432376805205,Watch
ENG-00627,2027-02-01,0.4518861683967616,Watch
ENG-00632,2026-02-01,0.10555143608641343,Low
ENG-00632,2026-03-01,0.25088370922499625,Low
ENG-00632,2026-04-01,0.07027760936592314,Low
ENG-00632,2026-05-01,0.12522203175216529,Low
ENG-00632,2026-06-01,0.3764358350821706,Watch
ENG-00632,2026-07-01,0.7614886536800661,Critical
ENG-00632,2026-08-01,0.5301057423898883,Watch
ENG-00634,2026-04-01,0.0,Low
ENG-00634,2026-05-01,0.0016855191517136088,Low
ENG-00634,2026-06-01,0.0017642221663588904,Low
ENG-00634,2026-07-01,0.011219441877299216,Low
ENG-00634,2026-08-01,0.009900562444379507,Low
ENG-00637,2026-01-01,0.07055175492959996,Low
ENG-00637,2026-02-01,0.15053460670728522,Low
ENG-00637,2026-03-01,0.11163122494358141,Low
ENG-00637,2026-04-01,0.022944484111788652,Low
ENG-00637,2026-05-01,0.23088541188299636,Low
ENG-00637,2026-06-01,0.021458519585765643,Low
ENG-00637,2026-07-01,0.09012735495315916,Low
ENG-00637,2026-08-01,0.08676648748732319,Low
ENG-00639,2025-12-01,0.09841274594683751,Low
ENG-00639,2026-01-01,0.2801324367725133,Low
ENG-00639,2026-02-01,0.0789415520566262,Low
ENG-00639,2026-03-01,0.10434478811790558,Low
ENG-00639,2026-04-01,0.1586748253984991,Low
ENG-00639,2026-05-01,0.3386929933269893,Low
ENG-00639,2026-06-01,0.11907185539098276,Low
ENG-00639,2026-07-01,0.060615792698921624,Low
ENG-00639,2026-08-01,0.37313458107051084,Watch
ENG-00640,2026-01-01,0.06541401571527411,Low
ENG-00640,2026-02-01,0.22707743353191948,Low
ENG-00640,2026-03-01,0.0879639648542727,Low
ENG-00640,2026-04-01,0.31654655435982476,Low
ENG-00640,2026-05-01,0.06609830518557347,Low
ENG-00640,2026-06-01,0.7890176945966102,Critical
ENG-00640,2026-07-01,0.21498728894531063,Low
ENG-00640,2026-08-01,0.030035116509535033,Low
ENG-00644,2026-07-01,0.13519822060116962,Low
ENG-00644,2026-08-01,0.11258920146238419,Low
ENG-00648,2026-08-01,0.1065350780326613,Low
ENG-00650,2026-06-01,0.02794416633396137,Low
ENG-00650,2026-07-01,0.42982070697098057,Watch
ENG-00650,2026-08-01,0.6844030383581959,Critical
ENG-00658,2026-02-01,0.0426604980075529,Low
ENG-00658,2026-03-01,0.9048516162921328,Critical
ENG-00658,2026-04-01,0.9370986951307172,Critical
ENG-00658,2026-05-01,0.9974910108773961,Critical
ENG-00664,2026-06-01,0.11711736735188337,Low
ENG-00664,2026-07-01,0.16482530185127592,Low
ENG-00664,2026-08-01,0.07672997546450229,Low
ENG-00664,2026-09-01,0.5374584575060005,Watch
ENG-00664,2026-10-01,0.18674593260866768,Low
ENG-00664,2026-11-01,0.3075383257669422,Low
ENG-00664,2026-12-01,0.9615634063576556,Critical
ENG-00664,2027-01-01,0.6858857429227003,Critical
ENG-00664,2027-02-01,0.8995813250337837,Critical
ENG-00668,2025-12-01,0.0755035842106121,Low
ENG-00668,2026-01-01,0.0935462250588747,Low
ENG-00668,2026-02-01,0.050450933461509036,Low
ENG-00668,2026-03-01,0.09133240103567439,Low
ENG-00668,2026-04-01,0.014486142319307675,Low
ENG-00668,2026-05-01,0.15716356680506222,Low
ENG-00668,2026-06-01,0.18942235105071897,Low
ENG-00668,2026-07-01,0.11706985289050337,Low
ENG-00668,2026-08-01,0.017416460296330746,Low
ENG-00673,2026-03-01,0.10532486370318822,Low
ENG-00673,2026-04-01,0.03824981185383644,Low
ENG-00673,2026-05-01,0.47812225514191103,Watch
ENG-00673,2026-06-01,0.019924248375199526,Low
ENG-00673,2026-07-01,0.3541808688998318,Watch
ENG-00673,2026-08-01,0.9540529279721157,Critical
ENG-00673,2026-09-01,0.4375410178175258,Watch
ENG-00673,2026-10-01,0.9959010238822168,Critical
ENG-00676,2026-06-01,0.20003060280949553,Low
ENG-00676,2026-07-01,0.3556892604708727,Watch
ENG-00676,2026-08-01,0.14434268775008213,Low
ENG-00678,2026-01-01,0.0016781978909680758,Low
ENG-00678,2026-02-01,4.234427222196703e-05,Low
ENG-00678,2026-03-01,0.04457364325246864,Low
ENG-00678,2026-04-01,0.006383152449004116,Low
ENG-00678,2026-05-01,0.011870534348821639,Low
ENG-00678,2026-06-01,4.234427222196703e-05,Low
ENG-00678,2026-07-01,0.01596651384893773,Low
ENG-00678,2026-08-01,0.0024316839024497885,Low
ENG-00681,2026-02-01,0.20765724286511272,Low
ENG-00681,2026-03-01,0.1418441767211555,Low
ENG-00681,2026-04-01,0.3647026972971182,Watch
ENG-00681,2026-05-01,0.34465472030991745,Low
ENG-00681,2026-06-01,0.2622233078684823,Low
ENG-00681,2026-07-01,0.125511861622403,Low
ENG-00681,2026-08-01,0.8960424552830754,Critical
ENG-00681,2026-09-01,0.861502691765695,Critical
ENG-00681,2026-10-01,0.9947816030666339,Critical
ENG-00681,2026-11-01,0.968740273254535,Critical
ENG-00688,2025-12-01,0.07617526714471602,Low
ENG-00688,2026-01-01,0.048569643823543514,Low
ENG-00688,2026-02-01,0.3686587071716976,Watch
ENG-00688,2026-03-01,0.041635222044192524,Low
ENG-00688,2026-04-01,0.07436590997937055,Low
ENG-00688,2026-05-01,0.05977766374354346,Low
ENG-00688,2026-06-01,0.06316393359540338,Low
ENG-00688,2026-07-01,0.2685879455775399,Low
ENG-00694,2026-01-01,0.16365095833396176,Low
ENG-00694,2026-02-01,0.2132747645513975,Low
ENG-00694,2026-03-01,0.02711144684131077,Low
ENG-00694,2026-04-01,0.20631324017965116,Low
ENG-00694,2026-05-01,0.2422265822003157,Low
ENG-00694,2026-06-01,0.02125714708856733,Low
ENG-00694,2026-07-01,0.29887873340468646,Low
ENG-00697,2025-12-01,0.06488287959088072,Low
ENG-00697,2026-01-01,0.37346463407954994,Watch
ENG-00697,2026-02-01,0.35943782122037277,Watch
ENG-00697,2026-03-01,0.5150918270685186,Watch
ENG-00697,2026-04-01,0.9349541392526478,Critical
ENG-00702,2026-05-01,0.03842468478391926,Low
ENG-00702,2026-06-01,0.008137983677758398,Low
ENG-00702,2026-07-01,0.01973802133531427,Low
ENG-00702,2026-08-01,0.021945810141629128,Low
ENG-00705,2026-06-01,0.1580115930114327,Low
ENG-00705,2026-07-01,0.08529906505365746,Low
ENG-00705,2026-08-01,0.17303731353301574,Low
ENG-00710,2026-03-01,0.006508979588978335,Low
ENG-00710,2026-04-01,0.11311282823920416,Low
ENG-00710,2026-05-01,0.0026043861284777412,Low
ENG-00710,2026-06-01,0.011555396193582142,Low
ENG-00710,2026-07-01,0.003101227082851056,Low
ENG-00710,2026-08-01,0.010108481019030623,Low
ENG-00716,2026-05-01,0.0,Low
ENG-00716,2026-06-01,0.012554947261960513,Low
ENG-00716,2026-07-01,0.016604617950392298,Low
ENG-00716,2026-08-01,0.2020768863217894,Low
ENG-00716,2026-09-01,0.7451609075248276,Critical
ENG-00716,2026-10-01,0.9350373894076331,Critical
ENG-00718,2026-08-01,0.09429510210066107,Low
ENG-00723,2026-03-01,0.0,Low
ENG-00723,2026-04-01,0.022834374761950386,Low
ENG-00723,2026-05-01,0.0224270462950354,Low
ENG-00723,2026-06-01,0.0019846694041565746,Low
ENG-00723,2026-07-01,0.3696150418765486,Watch
ENG-00723,2026-08-01,0.014438668330897297,Low
ENG-00724,2026-07-01,0.03204121962330733,Low
ENG-00724,2026-08-01,0.008033474441664846,Low
ENG-00731,2026-03-01,0.07462096857829521,Low
ENG-00731,2026-04-01,0.030448531231463835,Low
ENG-00731,2026-05-01,4.234427222196703e-05,Low
ENG-00731,2026-06-01,0.03269999269523016,Low
ENG-00731,2026-07-01,0.013693038830311614,Low
ENG-00731,2026-08-01,0.009496019273016762,Low
ENG-00733,2026-08-01,0.01734429321763306,Low
ENG-00738,2026-01-01,0.08399517985077362,Low
ENG-00738,2026-02-01,0.10427840252886776,Low
ENG-00738,2026-03-01,0.7351444217303851,Critical
ENG-00738,2026-04-01,0.15993816974628786,Low
ENG-00738,2026-05-01,0.2459672082693965,Low
ENG-00738,2026-06-01,0.1941824035307146,Low
ENG-00738,2026-07-01,0.9231752140089113,Critical
ENG-00738,2026-08-01,0.679736241033588,Critical
ENG-00740,2026-06-01,0.040093367449766604,Low
ENG-00740,2026-07-01,0.2138217128586522,Low
ENG-00740,2026-08-01,0.8776383302422498,Critical
ENG-00740,2026-09-01,0.9668354839693795,Critical
ENG-00740,2026-10-01,0.9751427039090658,Critical
ENG-00741,2026-07-01,0.07931359644398249,Low
ENG-00741,2026-08-01,0.07173222406924265,Low
ENG-00742,2026-08-01,0.23779293232515158,Low
ENG-00744,2026-02-01,0.0016531816694313735,Low
ENG-00744,2026-03-01,0.09344992417778618,Low
ENG-00744,2026-04-01,0.002084628532514956,Low
ENG-00744,2026-05-01,0.0036740363224245787,Low
ENG-00744,2026-06-01,6.736049375866916e-05,Low
ENG-00744,2026-07-01,0.002187182985714049,Low
ENG-00744,2026-08-01,4.234427222196703e-05,Low
ENG-00746,2026-07-01,0.0040596091271141695,Low
ENG-00746,2026-08-01,0.09480046597223829,Low
ENG-00748,2026-08-01,0.02626251091831679,Low
ENG-00749,2026-06-01,0.03536727482258967,Low
ENG-00749,2026-07-01,0.010179545151082253,Low
ENG-00749,2026-08-01,0.010181935920046929,Low
ENG-00752,2026-02-01,0.009395117787493069,Low
ENG-00752,2026-03-01,0.013540477107318321,Low
ENG-00752,2026-04-01,0.02809683694943604,Low
ENG-00752,2026-05-01,0.00020555193929216791,Low
ENG-00752,2026-06-01,9.494505823427051e-05,Low
ENG-00752,2026-07-01,0.0098908257257793,Low
ENG-00752,2026-08-01,6.992883669756839e-05,Low
ENG-00756,2026-08-01,0.11265809924082354,Low
ENG-00766,2026-04-01,0.14738033955878044,Low
ENG-00766,2026-05-01,0.08272833024564963,Low
ENG-00766,2026-06-01,0.1729470412150273,Low
ENG-00766,2026-07-01,0.0047472600898511704,Low
ENG-00766,2026-08-01,0.15780125856083707,Low
ENG-00775,2026-08-01,0.038311155563124234,Low
ENG-00776,2026-04-01,0.10002471950705681,Low
ENG-00776,2026-05-01,0.050699475258130275,Low
ENG-00776,2026-06-01,0.062115959516404105,Low
ENG-00776,2026-07-01,0.17923685327404515,Low
ENG-00776,2026-08-01,0.009478152645622961,Low
ENG-00777,2026-04-01,0.1469175718279861,Low
ENG-00777,2026-05-01,0.45211275857762256,Watch
ENG-00777,2026-06-01,0.2108776816257681,Low
ENG-00777,2026-07-01,0.20283119715798584,Low
ENG-00777,2026-08-01,0.0950090404032258,Low
ENG-00779,2026-02-01,0.09272890515452278,Low
ENG-00779,2026-03-01,0.6955790579747987,Critical
ENG-00779,2026-04-01,0.40881290515677915,Watch
ENG-00779,2026-05-01,0.2542539095915168,Low
ENG-00779,2026-06-01,0.38677761935031585,Watch
ENG-00779,2026-07-01,0.050585309114610316,Low
ENG-00779,2026-08-01,0.22578685687530745,Low
ENG-00782,2026-03-01,0.011410567102212334,Low
ENG-00782,2026-04-01,0.1759521175331815,Low
ENG-00782,2026-05-01,0.06534230634660498,Low
ENG-00782,2026-06-01,0.11920986817553295,Low
ENG-00782,2026-07-01,0.0012330710934991627,Low
ENG-00782,2026-08-01,0.04930068018564781,Low
ENG-00787,2026-05-01,0.00664080881241989,Low
ENG-00787,2026-06-01,0.01614779292533826,Low
ENG-00787,2026-07-01,0.0008686837960364692,Low
ENG-00787,2026-08-01,0.013295059179897708,Low
ENG-00789,2026-01-01,0.04700102676466451,Low
ENG-00789,2026-02-01,0.05082853070123949,Low
ENG-00789,2026-03-01,0.005127333587207605,Low
ENG-00789,2026-04-01,0.05408455612219572,Low
ENG-00789,2026-05-01,0.03637373155728001,Low
ENG-00789,2026-06-01,0.021960677453798177,Low
ENG-00789,2026-07-01,0.0044850587074273885,Low
ENG-00789,2026-08-01,0.018007462489408627,Low
ENG-00792,2026-08-01,0.19627403033820767,Low
ENG-00792,2026-09-01,0.7783382236872984,Critical
ENG-00792,2026-10-01,0.9776761961212357,Critical
ENG-00792,2026-11-01,0.9896956060200862,Critical
ENG-00792,2026-12-01,0.9943129699350692,Critical
ENG-00792,2027-01-01,0.9919862305046803,Critical
ENG-00802,2026-04-01,0.024700357883231695,Low
ENG-00802,2026-05-01,0.0039991329233159,Low
ENG-00802,2026-06-01,0.002953564536041219,Low
ENG-00802,2026-07-01,0.008399913580585843,Low
ENG-00802,2026-08-01,0.0023144120442579698,Low
ENG-00805,2026-08-01,0.0,Low
ENG-00808,2026-05-01,0.001172344911860607,Low
ENG-00808,2026-06-01,0.0018148579572483674,Low
ENG-00808,2026-07-01,0.008044519288813336,Low
ENG-00808,2026-08-01,0.009018927805896752,Low
ENG-00810,2026-07-01,0.02855147022257153,Low
ENG-00810,2026-08-01,0.48622574176476935,Watch
ENG-00811,2026-02-01,0.4903137441640872,Watch
ENG-00811,2026-03-01,0.1820606303941413,Low
ENG-00811,2026-04-01,0.3073829053282862,Low
ENG-00811,2026-05-01,0.0798899722451401,Low
ENG-00811,2026-06-01,0.29384296262944765,Low
ENG-00811,2026-07-01,0.4300665220686402,Watch
ENG-00811,2026-08-01,0.27114601929009285,Low
ENG-00817,2026-05-01,0.0001674100464439748,Low
ENG-00817,2026-06-01,6.992883669756839e-05,Low
ENG-00817,2026-07-01,0.13168229656564676,Low
ENG-00817,2026-08-01,0.35122103338676125,Watch
ENG-00826,2026-07-01,0.1382109562608031,Low
ENG-00826,2026-08-01,0.10408013595121456,Low
ENG-00832,2026-06-01,0.06766639909564234,Low
ENG-00832,2026-07-01,0.03739585351519736,Low
ENG-00832,2026-08-01,0.08775755146250779,Low
ENG-00834,2026-01-01,0.17184527837623512,Low
ENG-00834,2026-02-01,0.3944419073824813,Watch
ENG-00834,2026-03-01,0.6036455690810784,Watch
ENG-00834,2026-04-01,0.42066419680471046,Watch
ENG-00834,2026-05-01,0.3920806249861742,Watch
ENG-00834,2026-06-01,0.1740368668405916,Low
ENG-00834,2026-07-01,0.44931831392351995,Watch
ENG-00834,2026-08-01,0.1625082205188819,Low
ENG-00835,2026-06-01,0.011953705872705465,Low
ENG-00835,2026-07-01,0.03706567076947235,Low
ENG-00835,2026-08-01,0.3971546141355492,Watch
ENG-00835,2026-09-01,0.7941037370534594,Critical
ENG-00835,2026-10-01,0.30979527143704216,Low
ENG-00835,2026-11-01,0.6722443267597681,Critical
ENG-00838,2026-05-01,0.009379173004774425,Low
ENG-00838,2026-06-01,0.01100845194217133,Low
ENG-00838,2026-07-01,0.0510573989479046,Low
ENG-00838,2026-08-01,0.23832974673571528,Low
ENG-00839,2026-07-01,0.6042744537504724,Watch
ENG-00839,2026-08-01,0.9308169149918886,Critical
ENG-00840,2026-03-01,0.17717601953027132,Low
ENG-00840,2026-04-01,0.44424820978638385,Watch
ENG-00840,2026-05-01,0.17350785846194833,Low
ENG-00840,2026-06-01,0.19246229699019635,Low
ENG-00840,2026-07-01,0.45178774006397654,Watch
ENG-00840,2026-08-01,0.151362933098705,Low
ENG-00843,2025-12-01,0.1520485622078081,Low
ENG-00843,2026-01-01,0.6736009072208285,Critical
ENG-00843,2026-02-01,0.31885640466560927,Low
ENG-00843,2026-03-01,0.7221323186010892,Critical
ENG-00843,2026-04-01,0.27251520470727203,Low
ENG-00843,2026-05-01,0.045247565652986585,Low
ENG-00843,2026-06-01,0.10406250949762728,Low
ENG-00847,2026-03-01,0.004264660709693322,Low
ENG-00847,2026-04-01,0.010605168626402945,Low
ENG-00847,2026-05-01,0.006516414996110997,Low
ENG-00847,2026-06-01,6.992883669756839e-05,Low
ENG-00847,2026-07-01,0.006916759716607734,Low
ENG-00847,2026-08-01,0.0008957423450377378,Low
ENG-00850,2026-01-01,0.06362079357476363,Low
ENG-00850,2026-02-01,0.0019777609180776485,Low
ENG-00850,2026-03-01,0.21641760390683012,Low
ENG-00850,2026-04-01,0.11964317938405593,Low
ENG-00850,2026-05-01,0.015604783811237618,Low
ENG-00850,2026-06-01,0.00425791254980025,Low
ENG-00850,2026-07-01,0.01543579054465696,Low
ENG-00850,2026-08-01,9.377732236411378e-05,Low
ENG-00855,2026-07-01,0.0019833143723928704,Low
ENG-00855,2026-08-01,0.019057675257864896,Low
ENG-00855,2026-09-01,0.003821181032634983,Low
ENG-00855,2026-10-01,0.013574136627823185,Low
ENG-00855,2026-11-01,0.0015487965249687489,Low
ENG-00855,2026-12-01,0.0021443328679138455,Low
ENG-00855,2027-01-01,0.05418429226058309,Low
ENG-00855,2027-02-01,0.12926604695255806,Low
ENG-00855,2027-03-01,0.18177754020431539,Low
ENG-00855,2027-04-01,0.841379908480867,Critical
ENG-00860,2026-08-01,0.14825760512831054,Low
ENG-00860,2026-09-01,0.37968681819224176,Watch
ENG-00860,2026-10-01,0.8725728197853293,Critical
ENG-00860,2026-11-01,0.3262044369612461,Low
ENG-00860,2026-12-01,0.8043413250082254,Critical
ENG-00860,2027-01-01,0.9840812835352917,Critical
ENG-00860,2027-02-01,0.928970256600473,Critical
ENG-00860,2027-03-01,0.9991368983861914,Critical
ENG-00862,2026-05-01,0.041121626133938965,Low
ENG-00862,2026-06-01,0.0002349416663059139,Low
ENG-00862,2026-07-01,0.4965926375839963,Watch
ENG-00862,2026-08-01,0.07895985030226636,Low
ENG-00862,2026-09-01,0.06382707038811138,Low
ENG-00862,2026-10-01,0.23264155875172382,Low
ENG-00862,2026-11-01,0.7882475467978284,Critical
ENG-00862,2026-12-01,0.6911280953839071,Critical
ENG-00862,2027-01-01,0.9969700135762357,Critical
ENG-00867,2026-05-01,0.03372415174303366,Low
ENG-00867,2026-06-01,0.27990327967729184,Low
ENG-00867,2026-07-01,0.1430085676164075,Low
ENG-00867,2026-08-01,0.903071248693045,Critical
ENG-00867,2026-09-01,0.9404337347333577,Critical
ENG-00870,2026-07-01,0.003797414410473453,Low
ENG-00870,2026-08-01,0.3955995113642603,Watch
ENG-00871,2026-02-01,0.3517355729702741,Watch
ENG-00871,2026-03-01,0.43119437138962996,Watch
ENG-00871,2026-04-01,0.747286915601959,Critical
ENG-00871,2026-05-01,0.349302855201998,Low
ENG-00871,2026-06-01,0.6551283634257625,Critical
ENG-00871,2026-07-01,0.8542607351416917,Critical
ENG-00871,2026-08-01,0.6201921259695157,Watch
ENG-00872,2026-08-01,0.02555166695055917,Low
ENG-00873,2026-02-01,0.07393302916384682,Low
ENG-00873,2026-03-01,0.03323820441293432,Low
ENG-00873,2026-04-01,0.030523753508359164,Low
ENG-00873,2026-05-01,0.03348443198435758,Low
ENG-00873,2026-06-01,0.2737675453493736,Low
ENG-00873,2026-07-01,0.10391658108215124,Low
ENG-00873,2026-08-01,0.08000637227190972,Low
ENG-00876,2026-04-01,0.08142095200867996,Low
ENG-00876,2026-05-01,0.04398586908346569,Low
ENG-00876,2026-06-01,0.21449115378881908,Low
ENG-00876,2026-07-01,0.20899400009633248,Low
ENG-00876,2026-08-01,0.18651475733265083,Low
ENG-00877,2025-12-01,0.005908687149201069,Low
ENG-00877,2026-01-01,0.002324191843188311,Low
ENG-00877,2026-02-01,0.01751853973918546,Low
ENG-00877,2026-03-01,0.002642709975542217,Low
ENG-00877,2026-04-01,0.0013194552429526471,Low
ENG-00877,2026-05-01,0.01402381969496089,Low
ENG-00877,2026-06-01,0.01752109897719521,Low
ENG-00877,2026-07-01,0.16908025243046032,Low
ENG-00877,2026-08-01,0.35763280678305026,Watch
ENG-00877,2026-09-01,0.739653946057523,Critical
ENG-00878,2026-07-01,0.11848190849701659,Low
ENG-00878,2026-08-01,0.03351822560467597,Low
ENG-00881,2026-07-01,0.06382777954682564,Low
ENG-00881,2026-08-01,0.02668219979997473,Low
ENG-00881,2026-09-01,0.6898498312619052,Critical
ENG-00881,2026-10-01,0.812663891752543,Critical
ENG-00881,2026-11-01,0.9274998230861232,Critical
ENG-00882,2026-01-01,0.0921846649119442,Low
ENG-00882,2026-02-01,0.07245680928182123,Low
ENG-00882,2026-03-01,0.03345754953172117,Low
ENG-00882,2026-04-01,0.13528755926071404,Low
ENG-00882,2026-05-01,0.20945729972067528,Low
ENG-00882,2026-06-01,0.19578488629744734,Low
ENG-00882,2026-07-01,0.0388836383081355,Low
ENG-00882,2026-08-01,0.6953664326704804,Critical
ENG-00883,2026-01-01,0.07287414925249185,Low
ENG-00883,2026-02-01,0.09400170117857522,Low
ENG-00883,2026-03-01,0.1089646689416938,Low
ENG-00883,2026-04-01,0.11287078264583378,Low
ENG-00883,2026-05-01,0.03203108453051684,Low
ENG-00883,2026-06-01,0.04699817212951331,Low
ENG-00883,2026-07-01,0.05498506195178413,Low
ENG-00883,2026-08-01,0.010611949874415596,Low
ENG-00884,2026-04-01,0.1420456189466479,Low
ENG-00884,2026-05-01,0.9644123845880666,Critical
ENG-00884,2026-06-01,0.9949485737429518,Critical
ENG-00884,2026-07-01,0.9830826285363535,Critical
ENG-00886,2026-03-01,0.08897014906606185,Low
ENG-00886,2026-04-01,0.05670533468645437,Low
ENG-00886,2026-05-01,0.1232270688389584,Low
ENG-00886,2026-06-01,0.035854308346735614,Low
ENG-00886,2026-07-01,0.09271941876901993,Low
ENG-00886,2026-08-01,0.27226612903069713,Low
ENG-00889,2026-05-01,0.00013673093984717207,Low
ENG-00889,2026-06-01,0.04196838520004213,Low
ENG-00889,2026-07-01,0.001402681730087212,Low
ENG-00889,2026-08-01,4.234427222196703e-05,Low
ENG-00890,2026-07-01,0.00437665692256381,Low
ENG-00890,2026-08-01,0.49998063186730834,Watch
ENG-00898,2026-05-01,0.0091628877958295,Low
ENG-00898,2026-06-01,0.038381625024590235,Low
ENG-00898,2026-07-01,0.0049326925834506305,Low
ENG-00898,2026-08-01,0.0038719179012117757,Low
ENG-00902,2026-01-01,0.00013562310259459954,Low
ENG-00902,2026-02-01,0.0020054669053786054,Low
ENG-00902,2026-03-01,0.003589111361163352,Low
ENG-00902,2026-04-01,4.234427222196703e-05,Low
ENG-00902,2026-05-01,0.0066025547480451415,Low
ENG-00902,2026-06-01,0.002946489223168784,Low
ENG-00902,2026-07-01,4.234427222196703e-05,Low
ENG-00902,2026-08-01,0.022490592222509546,Low
ENG-00905,2026-04-01,0.07273141379274413,Low
ENG-00905,2026-05-01,0.08406673667816056,Low
ENG-00905,2026-06-01,0.1580627174319289,Low
ENG-00905,2026-07-01,0.16521867111852354,Low
ENG-00905,2026-08-01,0.033840042446325345,Low
ENG-00905,2026-09-01,0.0010740073681571336,Low
ENG-00905,2026-10-01,0.038127826117422735,Low
ENG-00905,2026-11-01,0.3175142832665872,Low
ENG-00905,2026-12-01,0.6668526954072785,Critical
ENG-00905,2027-01-01,0.501308874328089,Watch
ENG-00905,2027-02-01,0.9276857613393372,Critical
ENG-00910,2026-08-01,0.1461961639540457,Low
ENG-00914,2026-05-01,0.16147508144563785,Low
ENG-00914,2026-06-01,0.5444546597750746,Watch
ENG-00914,2026-07-01,0.8701304553348512,Critical
ENG-00914,2026-08-01,0.9663990311671231,Critical
ENG-00919,2026-06-01,0.024253362815370685,Low
ENG-00919,2026-07-01,0.5998330679903953,Watch
ENG-00919,2026-08-01,0.6978866823158071,Critical
ENG-00922,2026-02-01,0.25805271323437573,Low
ENG-00922,2026-03-01,0.13711831016490425,Low
ENG-00922,2026-04-01,0.21589482780726296,Low
ENG-00922,2026-05-01,0.3729202973130505,Watch
ENG-00922,2026-06-01,0.06780967297241122,Low
ENG-00922,2026-07-01,0.15803931343896874,Low
ENG-00922,2026-08-01,0.1119585158359637,Low
ENG-00924,2026-08-01,0.05765384335317345,Low
ENG-00929,2026-02-01,0.1486373248236842,Low
ENG-00929,2026-03-01,0.3366865235319759,Low
ENG-00929,2026-04-01,0.5002880098177716,Watch
ENG-00929,2026-05-01,0.1931240798925997,Low
ENG-00929,2026-06-01,0.29767986864478785,Low
ENG-00929,2026-07-01,0.2502545483537846,Low
ENG-00929,2026-08-01,0.10849583132276441,Low
ENG-00940,2026-06-01,0.16901989470648096,Low
ENG-00940,2026-07-01,0.2191196883786075,Low
ENG-00940,2026-08-01,0.3128398608186507,Low
ENG-00950,2026-04-01,0.029467198877847926,Low
ENG-00950,2026-05-01,0.3494817399888802,Low
ENG-00950,2026-06-01,0.011016210443816071,Low
ENG-00950,2026-07-01,0.0006195485154767539,Low
ENG-00950,2026-08-01,0.008352089587323296,Low
ENG-00953,2026-07-01,0.06674145744461651,Low
ENG-00953,2026-08-01,0.02074185952924854,Low
ENG-00963,2026-07-01,0.3323967540184929,Low
ENG-00963,2026-08-01,0.11990014132355493,Low
ENG-00973,2026-06-01,0.0024629779645360507,Low
ENG-00973,2026-07-01,0.080167547736221,Low
ENG-00973,2026-08-01,0.0006626508535650412,Low
ENG-00974,2026-05-01,0.03859843159658094,Low
ENG-00974,2026-06-01,0.0020609889477329027,Low
ENG-00974,2026-07-01,0.0016640443012327008,Low
ENG-00974,2026-08-01,0.004025753572889641,Low
ENG-00982,2026-01-01,0.12085842801347878,Low
ENG-00982,2026-02-01,0.6348109567457901,Watch
ENG-00982,2026-03-01,0.9464526044100664,Critical
ENG-00982,2026-04-01,0.9793300135435521,Critical
ENG-00982,2026-05-01,0.9921101471344808,Critical
ENG-00982,2026-06-01,0.9944572274702975,Critical
ENG-00986,2026-05-01,0.0414834596877411,Low
ENG-00986,2026-06-01,0.1746589923968313,Low
ENG-00986,2026-07-01,0.07747355618636959,Low
ENG-00986,2026-08-01,0.7619762632409408,Critical
ENG-00987,2026-02-01,0.027158078918080093,Low
ENG-00987,2026-03-01,0.1766307757402116,Low
ENG-00987,2026-04-01,0.036701920062374674,Low
ENG-00987,2026-05-01,0.03589439263738827,Low
ENG-00987,2026-06-01,0.015721625783609732,Low
ENG-00987,2026-07-01,0.022348275869826063,Low
ENG-00987,2026-08-01,0.018724581469514903,Low
ENG-00991,2026-01-01,0.0810536293806026,Low
ENG-00991,2026-02-01,0.12850717934804975,Low
ENG-00991,2026-03-01,0.614982281655233,Watch
ENG-00991,2026-04-01,0.711240723339063,Critical
ENG-00991,2026-05-01,0.9443178120166665,Critical
ENG-00994,2026-04-01,0.0001674100464439748,Low
ENG-00994,2026-05-01,0.004900608259111885,Low
ENG-00994,2026-06-01,0.0010963372207726928,Low
ENG-00994,2026-07-01,0.037409746652848304,Low
ENG-00994,2026-08-01,0.0039088151612723665,Low
ENG-00995,2026-08-01,0.030755020305324347,Low
ENG-00999,2026-04-01,0.2574858063484425,Low
ENG-00999,2026-05-01,0.6680607185599191,Critical
ENG-00999,2026-06-01,0.4571495501971328,Watch
ENG-00999,2026-07-01,0.7768540490430222,Critical
ENG-00999,2026-08-01,0.5045484352661859,Watch
ENG-01000,2025-12-01,0.22712936499900388,Low
ENG-01000,2026-01-01,0.21798447913970453,Low
ENG-01000,2026-02-01,0.4224589267612225,Watch
ENG-01000,2026-03-01,0.5152242892535046,Watch
ENG-01000,2026-04-01,0.9136346453011114,Critical
ENG-01000,2026-05-01,0.12136573557036245,Low
ENG-01000,2026-06-01,0.3986506919759783,Watch
ENG-01000,2026-07-01,0.3524962691613611,Watch
ENG-01004,2026-03-01,0.3046701255830941,Low
ENG-01004,2026-04-01,0.9231398002037717,Critical
ENG-01004,2026-05-01,0.9965998610790194,Critical
ENG-01004,2026-06-01,0.972011769656379,Critical
ENG-01004,2026-07-01,0.9884909726688388,Critical
ENG-01005,2026-02-01,0.5072887957842046,Watch
ENG-01005,2026-03-01,0.571625945203983,Watch
ENG-01005,2026-04-01,0.9659016280740441,Critical
ENG-01005,2026-05-01,0.9806757639583977,Critical
ENG-01005,2026-06-01,0.7430890354912324,Critical
ENG-01005,2026-07-01,0.9176641436109818,Critical
ENG-01005,2026-08-01,0.9027632847240039,Critical
ENG-01006,2026-02-01,0.089326287558249,Low
ENG-01006,2026-03-01,0.013123038804732541,Low
ENG-01006,2026-04-01,0.03749374327050013,Low
ENG-01006,2026-05-01,0.024236230181219516,Low
ENG-01006,2026-06-01,0.014432265020210066,Low
ENG-01006,2026-07-01,0.00108649571708999,Low
ENG-01006,2026-08-01,0.006539893124795503,Low
ENG-01007,2026-06-01,0.0612133518256022,Low
ENG-01007,2026-07-01,0.44649771618665396,Watch
ENG-01007,2026-08-01,0.9740331905371702,Critical
ENG-01007,2026-09-01,0.9972563273917565,Critical
ENG-01009,2026-05-01,0.01402857200431469,Low
ENG-01009,2026-06-01,0.03284696929124154,Low
ENG-01009,2026-07-01,0.09496084221157784,Low
ENG-01009,2026-08-01,0.37773520491593277,Watch
ENG-01009,2026-09-01,0.009430358878430382,Low
ENG-01009,2026-10-01,0.010821719699924655,Low
ENG-01009,2026-11-01,0.564540067900779,Watch
ENG-01009,2026-12-01,0.15896539962015402,Low
ENG-01009,2027-01-01,0.776679127664854,Critical
ENG-01009,2027-02-01,0.9175152191402879,Critical
ENG-01014,2026-01-01,0.09693392696556911,Low
ENG-01014,2026-02-01,0.37877920137316695,Watch
ENG-01014,2026-03-01,0.14259103835770207,Low
ENG-01014,2026-04-01,0.16354575611034256,Low
ENG-01014,2026-05-01,0.5618817460416321,Watch
ENG-01014,2026-06-01,0.12011843940609047,Low
ENG-01014,2026-07-01,0.13434442144972372,Low
ENG-01014,2026-08-01,0.060507104464497356,Low
ENG-01015,2026-05-01,0.008585160569510733,Low
ENG-01015,2026-06-01,0.015879015245428642,Low
ENG-01015,2026-07-01,0.008817660305789872,Low
ENG-01015,2026-08-01,6.992883669756839e-05,Low
ENG-01017,2025-12-01,0.04873640030012046,Low
ENG-01017,2026-01-01,0.005611353415884416,Low
ENG-01017,2026-02-01,0.05118490846192732,Low
ENG-01017,2026-03-01,0.032435637009438585,Low
ENG-01017,2026-04-01,0.02271425236156895,Low
ENG-01017,2026-05-01,0.13471615806170578,Low
ENG-01017,2026-06-01,0.03075873840755587,Low
ENG-01017,2026-07-01,0.039904051896801136,Low
ENG-01017,2026-08-01,0.002589535666785546,Low
ENG-01019,2026-03-01,0.0,Low
ENG-01019,2026-04-01,0.000507615951171144,Low
ENG-01019,2026-05-01,0.048985351828996,Low
ENG-01019,2026-06-01,0.029782693192455464,Low
ENG-01019,2026-07-01,0.13838888085450748,Low
ENG-01019,2026-08-01,0.0015362623295849473,Low
ENG-01023,2026-01-01,0.013041189820517577,Low
ENG-01023,2026-02-01,0.000911200050499977,Low
ENG-01023,2026-03-01,0.0062528927705041495,Low
ENG-01023,2026-04-01,0.0013194552429526471,Low
ENG-01023,2026-05-01,0.010368562120632972,Low
ENG-01023,2026-06-01,0.004134779961434722,Low
ENG-01023,2026-07-01,0.0107662040470285,Low
ENG-01023,2026-08-01,0.010687667673648255,Low
ENG-01025,2026-05-01,0.0019894907745846855,Low
ENG-01025,2026-06-01,0.006016376448083141,Low
ENG-01025,2026-07-01,0.008311263833131122,Low
ENG-01025,2026-08-01,0.04066840849444082,Low
ENG-01027,2026-03-01,0.1320817447555415,Low
ENG-01027,2026-04-01,0.6209690062647812,Watch
ENG-01027,2026-05-01,0.8611823869364944,Critical
ENG-01027,2026-06-01,0.8721252796777744,Critical
ENG-01027,2026-07-01,0.9899089360188527,Critical
ENG-01029,2026-06-01,0.016058162598104934,Low
ENG-01029,2026-07-01,0.2751807607769749,Low
ENG-01029,2026-08-01,0.05680122079692289,Low
ENG-01029,2026-09-01,0.5642399167944984,Watch
ENG-01029,2026-10-01,0.6460429102716584,Watch
ENG-01031,2026-08-01,0.0006896562980318046,Low
ENG-01034,2026-07-01,0.5859317135584243,Watch
ENG-01034,2026-08-01,0.9892315828038439,Critical
ENG-01034,2026-09-01,0.959725222066343,Critical
ENG-01034,2026-10-01,0.9967901695593535,Critical
ENG-01046,2026-02-01,0.4752562212996822,Watch
ENG-01046,2026-03-01,0.19356502823762972,Low
ENG-01046,2026-04-01,0.41024774034665035,Watch
ENG-01046,2026-05-01,0.7680652883161111,Critical
ENG-01046,2026-06-01,0.6566691894524433,Critical
ENG-01046,2026-07-01,0.6372505635248541,Watch
ENG-01046,2026-08-01,0.9937043234989172,Critical
ENG-01049,2026-07-01,0.02730404295101194,Low
ENG-01049,2026-08-01,0.08355319826889879,Low
ENG-01049,2026-09-01,0.5287506833987898,Watch
ENG-01049,2026-10-01,0.9648812982180999,Critical
ENG-01049,2026-11-01,0.9567789561450026,Critical
ENG-01051,2026-02-01,0.012962874639752178,Low
ENG-01051,2026-03-01,0.18763014904196365,Low
ENG-01051,2026-04-01,0.010077764263923119,Low
ENG-01051,2026-05-01,0.08604402249182791,Low
ENG-01051,2026-06-01,0.018800589530354694,Low
ENG-01051,2026-07-01,0.6120110115863497,Watch
ENG-01051,2026-08-01,0.8754619361270287,Critical
ENG-01051,2026-09-01,0.9419371514913227,Critical
ENG-01054,2025-12-01,0.09405533745445564,Low
ENG-01054,2026-01-01,0.02330761549618029,Low
ENG-01054,2026-02-01,0.1870144770990825,Low
ENG-01054,2026-03-01,0.06521407666905722,Low
ENG-01054,2026-04-01,0.004585358814253914,Low
ENG-01054,2026-05-01,0.06908442091293496,Low
ENG-01054,2026-06-01,0.001842324921495755,Low
ENG-01054,2026-07-01,0.03728830465877416,Low
ENG-01054,2026-08-01,0.004551205912216504,Low
ENG-01059,2026-04-01,0.14389893179488625,Low
ENG-01059,2026-05-01,0.4164134345208202,Watch
ENG-01059,2026-06-01,0.0980164702598084,Low
ENG-01059,2026-07-01,0.524773394236504,Watch
ENG-01059,2026-08-01,0.15235618501506476,Low
ENG-01064,2026-07-01,0.08837955401252019,Low
ENG-01064,2026-08-01,0.005752684783316978,Low
ENG-01067,2026-07-01,0.05361170045199242,Low
ENG-01067,2026-08-01,0.09324537105471625,Low
ENG-01069,2026-07-01,0.07653439559571629,Low
ENG-01069,2026-08-01,0.7007803521358033,Critical
ENG-01069,2026-09-01,0.6873973424283787,Critical
ENG-01069,2026-10-01,0.9886152642907184,Critical
ENG-01069,2026-11-01,0.9965220201965557,Critical
ENG-01070,2025-12-01,0.21956319969472987,Low
ENG-01070,2026-01-01,0.18808758968634892,Low
ENG-01070,2026-02-01,0.47009218249580614,Watch
ENG-01070,2026-03-01,0.5100922336957207,Watch
ENG-01070,2026-04-01,0.04466196220222966,Low
ENG-01070,2026-05-01,0.2075811717261093,Low
ENG-01070,2026-06-01,0.024775022271060515,Low
ENG-01072,2025-12-01,0.0018205917158753482,Low
ENG-01072,2026-01-01,0.0014489157641646136,Low
ENG-01072,2026-02-01,0.006819945580611111,Low
ENG-01072,2026-03-01,0.0010665654095423195,Low
ENG-01072,2026-04-01,0.016189464984959656,Low
ENG-01072,2026-05-01,0.006190119112687451,Low
ENG-01072,2026-06-01,0.0013951066813840704,Low
ENG-01072,2026-07-01,6.992883669756839e-05,Low
ENG-01072,2026-08-01,0.0012925370622421223,Low
ENG-01079,2026-08-01,0.002355174762667133,Low
ENG-01079,2026-09-01,0.017785052884950553,Low
ENG-01079,2026-10-01,0.35918195072174813,Watch
ENG-01079,2026-11-01,0.6141567338865267,Watch
ENG-01079,2026-12-01,0.8238274386054895,Critical
ENG-01079,2027-01-01,0.8652005844160809,Critical
ENG-01080,2026-07-01,0.005520380829722843,Low
ENG-01080,2026-08-01,0.9093655958951776,Critical
ENG-01084,2026-06-01,0.007001614444531453,Low
ENG-01084,2026-07-01,0.2940582898367289,Low
ENG-01084,2026-08-01,0.05471622470408218,Low
ENG-01088,2026-06-01,0.0,Low
ENG-01088,2026-07-01,4.234427222196703e-05,Low
ENG-01088,2026-08-01,0.023601043500488063,Low
ENG-01090,2026-03-01,0.0720960701024604,Low
ENG-01090,2026-04-01,0.05988700146675914,Low
ENG-01090,2026-05-01,0.27850164251686016,Low
ENG-01090,2026-06-01,0.24715293984665768,Low
ENG-01090,2026-07-01,0.031222076229200764,Low
ENG-01090,2026-08-01,0.16569595695702904,Low
ENG-01102,2025-12-01,0.015484373323466697,Low
ENG-01102,2026-01-01,6.992883669756839e-05,Low
ENG-01102,2026-02-01,0.1334893855640832,Low
ENG-01102,2026-03-01,0.001983616900808697,Low
ENG-01102,2026-04-01,6.992883669756839e-05,Low
ENG-01102,2026-05-01,0.02206763394313728,Low
ENG-01102,2026-06-01,0.028551403909936473,Low
ENG-01102,2026-07-01,0.0012020905128488587,Low
ENG-01102,2026-08-01,0.0019484940269606462,Low
ENG-01103,2026-07-01,0.1566381433874594,Low
ENG-01103,2026-08-01,0.015532947804530513,Low
ENG-01105,2026-01-01,0.1460693866263719,Low
ENG-01105,2026-02-01,0.16813750624038762,Low
ENG-01105,2026-03-01,0.3433621829592096,Low
ENG-01105,2026-04-01,0.1683778961602288,Low
ENG-01105,2026-05-01,0.6336024621651063,Watch
ENG-01105,2026-06-01,0.18814739226223276,Low
ENG-01105,2026-07-01,0.11997748017664776,Low
ENG-01105,2026-08-01,0.1672253378868515,Low
ENG-01114,2026-02-01,0.09549859475487879,Low
ENG-01114,2026-03-01,0.2599235679844481,Low
ENG-01114,2026-04-01,0.24715021291719846,Low
ENG-01114,2026-05-01,0.29866158012030897,Low
ENG-01114,2026-06-01,0.33060531978562985,Low
ENG-01114,2026-07-01,0.5546388819928629,Watch
ENG-01114,2026-08-01,0.8165811762978128,Critical
ENG-01117,2026-01-01,0.023640993901716943,Low
ENG-01117,2026-02-01,0.6017377611730996,Watch
ENG-01117,2026-03-01,0.42657218228861815,Watch
ENG-01117,2026-04-01,0.9504319725835283,Critical
ENG-01117,2026-05-01,0.9885723616372769,Critical
ENG-01123,2026-05-01,0.0380284103352039,Low
ENG-01123,2026-06-01,0.28522765102509484,Low
ENG-01123,2026-07-01,0.02674988813478904,Low
ENG-01123,2026-08-01,0.06741881517122808,Low
ENG-01125,2026-03-01,0.09182361544523682,Low
ENG-01125,2026-04-01,0.05530893015242029,Low
ENG-01125,2026-05-01,0.14076646337636803,Low
ENG-01125,2026-06-01,0.002135549917934088,Low
ENG-01125,2026-07-01,0.0633994770264802,Low
ENG-01125,2026-08-01,0.04475073198289043,Low
ENG-01126,2026-06-01,0.020193465050244188,Low
ENG-01126,2026-07-01,0.17738750147763208,Low
ENG-01126,2026-08-01,4.234427222196703e-05,Low
ENG-01138,2026-05-01,0.0009682520477619359,Low
ENG-01138,2026-06-01,0.00039387880841871653,Low
ENG-01138,2026-07-01,0.06392154633719109,Low
ENG-01138,2026-08-01,0.05863915487308842,Low
ENG-01139,2026-04-01,0.09965528682579325,Low
ENG-01139,2026-05-01,0.03789915048366877,Low
ENG-01139,2026-06-01,0.001543613043890165,Low
ENG-01139,2026-07-01,9.494505823427051e-05,Low
ENG-01139,2026-08-01,0.004269800965855449,Low
ENG-01142,2026-08-01,0.005828544987008186,Low
ENG-01155,2026-06-01,0.2928217259620419,Low
ENG-01155,2026-07-01,0.6128173214370296,Watch
ENG-01155,2026-08-01,0.2534435343936651,Low
ENG-01160,2026-02-01,0.09584260479907017,Low
ENG-01160,2026-03-01,0.1416405896192677,Low
ENG-01160,2026-04-01,0.04744837364199375,Low
ENG-01160,2026-05-01,0.05519370402374907,Low
ENG-01160,2026-06-01,0.14514289356711685,Low
ENG-01160,2026-07-01,0.029525519197778582,Low
ENG-01160,2026-08-01,0.020858738906896993,Low
ENG-01161,2026-04-01,0.302807043778478,Low
ENG-01161,2026-05-01,0.07670222372019572,Low
ENG-01161,2026-06-01,0.5587435170753531,Watch
ENG-01161,2026-07-01,0.27611279600480104,Low
ENG-01161,2026-08-01,0.2213678433337452,Low
ENG-01164,2026-08-01,0.08424901020267012,Low
ENG-01168,2026-04-01,0.006754499403977546,Low
ENG-01168,2026-05-01,0.034516617246360105,Low
ENG-01168,2026-06-01,0.04504067550334877,Low
ENG-01168,2026-07-01,0.005596269954033958,Low
ENG-01168,2026-08-01,6.992883669756839e-05,Low
ENG-01170,2026-02-01,0.09028882089867195,Low
ENG-01170,2026-03-01,0.007600761661957738,Low
ENG-01170,2026-04-01,0.018154011388203793,Low
ENG-01170,2026-05-01,0.0010963372207726928,Low
ENG-01170,2026-06-01,0.25205662290577807,Low
ENG-01170,2026-07-01,0.0017721631516373344,Low
ENG-01170,2026-08-01,0.0009026635315059471,Low
ENG-01173,2026-01-01,0.020598539390103376,Low
ENG-01173,2026-02-01,0.0003964471513576157,Low
ENG-01173,2026-03-01,0.001085472349668893,Low
ENG-01173,2026-04-01,6.992883669756839e-05,Low
ENG-01173,2026-05-01,0.0021043985140740025,Low
ENG-01173,2026-06-01,0.0017698458708863107,Low
ENG-01173,2026-07-01,0.01944709299166625,Low
ENG-01173,2026-08-01,6.992883669756839e-05,Low
ENG-01177,2026-02-01,0.16517244145720278,Low
ENG-01177,2026-03-01,0.0816288661748214,Low
ENG-01177,2026-04-01,0.2748862878084131,Low
ENG-01177,2026-05-01,0.7989073661944218,Critical
ENG-01177,2026-06-01,0.36057552219549516,Watch
ENG-01177,2026-07-01,0.2251225490207251,Low
ENG-01177,2026-08-01,0.4536475042021425,Watch
ENG-01179,2026-05-01,0.1653677149789486,Low
ENG-01179,2026-06-01,0.19606208238461284,Low
ENG-01179,2026-07-01,0.19875774640435026,Low
ENG-01179,2026-08-01,0.9195912055264154,Critical
ENG-01180,2026-05-01,0.010875968518724298,Low
ENG-01180,2026-06-01,0.0061909120116845524,Low
ENG-01180,2026-07-01,0.015537351173916579,Low
ENG-01180,2026-08-01,0.00595101992775071,Low
ENG-01181,2026-08-01,0.11394710172991229,Low
ENG-01193,2026-01-01,0.1562107976450041,Low
ENG-01193,2026-02-01,0.24287794119897782,Low
ENG-01193,2026-03-01,0.17293185394073096,Low
ENG-01193,2026-04-01,0.4457631647921321,Watch
ENG-01193,2026-05-01,0.17504404011045446,Low
ENG-01193,2026-06-01,0.17108245953994536,Low
ENG-01193,2026-07-01,0.18981543558893316,Low
ENG-01193,2026-08-01,0.04546839670743753,Low
ENG-01195,2026-05-01,0.0009682520477619359,Low
ENG-01195,2026-06-01,0.005166124118090738,Low
ENG-01195,2026-07-01,0.012647636823376903,Low
ENG-01195,2026-08-01,0.06725039723469438,Low
ENG-01195,2026-09-01,0.14593431276464106,Low
ENG-01195,2026-10-01,0.2252991738129028,Low
ENG-01195,2026-11-01,0.0726754701791,Low
ENG-01195,2026-12-01,0.44785051029189615,Watch
